code,system
1376,readv2
137O.00,readv2
137P.00,readv2
1373,readv2
137l.00,readv2
137M.00,readv2
1374,readv2
137J.00,readv2
137j.00,readv2
1375,readv2
1372,readv2
13p0.00,readv2
67H6.00,readv2
13p..00,readv2
137K000,readv2
137K.00,readv2
ZRBm200,readv2
ZRBm211,readv2
38DH.00,readv2
8IAj.00,readv2
ZG23300,readv2
8CAL.00,readv2
137B.00,readv2
137A.00,readv2
137N.00,readv2
137H.00,readv2
9ko..11,readv2
137P.11,readv2
1377,readv2
137R.00,readv2
1379,readv2
1372.11,readv2
1378,readv2
137S.00,readv2
9km..11,readv2
E251000,readv2
E251z00,readv2
E251.00,readv2
E251300,readv2
E251100,readv2
8HTK.00,readv2
9NS0200,readv2
8I2I.00,readv2
8I2J.00,readv2
137V.00,readv2
13p3.00,readv2
13p1.00,readv2
13p6.00,readv2
13p7.00,readv2
13p2.00,readv2
137T.00,readv2
13p4.00,readv2
137F.00,readv2
137..11,readv2
ZRh4.00,readv2
ZRh4.11,readv2
8B3Y.00,readv2
745H000,readv2
8B2B.00,readv2
745H300,readv2
745H100,readv2
745H200,readv2
8HBM.00,readv2
137b.00,readv2
8CdB.00,readv2
137C.00,readv2
137c.00,readv2
137m.00,readv2
137d.00,readv2
8HkQ.00,readv2
8BP3.00,readv2
8CAg.00,readv2
137L.00,readv2
9kn..11,readv2
1371.11,readv2
137Q.00,readv2
13p5.00,readv2
137e.00,readv2
13p5000,readv2
137Q.11,readv2
6791,readv2
745Hz00,readv2
745H400,readv2
745Hy00,readv2
745H.00,readv2
137f.00,readv2
137G.00,readv2
ZRaM.00,readv2
ZRao.00,readv2
ZV11600,readv2
ZV6D800,readv2
ZV4K000,readv2
137h.00,readv2
1371,readv2
9N2k.00,readv2
8H7i.00,readv2
8B3f.00,readv2
E023.00,readv2
9ko..00,readv2
9kn..00,readv2
9km..00,readv2
13p8.00,readv2
8HBP.00,readv2